3447	㑳
3469	儸
34E5	劏
3509	劚
358A	噚
359E	喎
360E	㘚
37C6	㠏
3918	㥮
39D0	㩳
39D1	撝
39DF	擓
3A2B	㩜
3B4E	棡
3C69	殰
3C6E	殨
3CBF	瀇
3D89	鸂
3DB6	燶
3DBD	煱
3E8D	獱
4056	瞜
40C5	磾
4149	稏
415F	穇
41F2	筴
4336	䊷
4337	紬
4338	縳
4339	絅
433A	䋙
433C	綐
433D	綵
433E	䋻
4340	繿
4341	繸
43DD	膞
44D5	薳
44D6	藭
44E8	罃
45D6	螮
4653	襬
4723	訢
4727	譅
4729	讌
4759	貙
478D	䝼
4790	賰
497D	鏺
4983	鐯
4A44	靦
4BC4	騧
4BC5	䯀
4C9D	䱽
4C9F	鮣
4CA0	鰆
4CA2	鰧
4D13	鳾
4D14	鵁
4D15	鴷
4D16	鶄
4D17	鶪
4D18	鷈
4D19	鷿
4DAE	龑
4E07	萬
4E0E	與
4E11	醜
4E13	專
4E1A	業
4E1B	叢
4E1C	東
4E1D	絲
4E22	丟
4E24	兩
4E25	嚴
4E27	喪
4E2A	個
4E30	豐
4E34	臨
4E3A	為
4E3D	麗
4E3E	舉
4E48	麼
4E49	義
4E4C	烏
4E50	樂
4E54	喬
4E60	習
4E61	鄉
4E66	書
4E70	買
4E71	亂
4E89	爭
4E8E	於
4E8F	虧
4E91	雲
4E98	亙
4E9A	亞
4EA7	產
4EA9	畝
4EB2	親
4EB5	褻
4EB8	嚲
4EBF	億
4EC5	僅
4EC6	僕
4ECE	從
4ED1	侖
4ED3	倉
4EEA	儀
4EEC	們
4EF7	價
4F17	眾
4F18	優
4F1A	會
4F1B	傴
4F1E	傘
4F1F	偉
4F20	傳
4F23	俔
4F24	傷
4F25	倀
4F26	倫
4F27	傖
4F2A	偽
4F2B	佇
4F53	體
4F63	傭
4F65	僉
4FA0	俠
4FA3	侶
4FA5	僥
4FA6	偵
4FA7	側
4FA8	僑
4FA9	儈
4FAA	儕
4FAC	儂
4FE3	俁
4FE6	儔
4FE8	儼
4FE9	倆
4FEA	儷
4FEB	倈
4FED	儉
503A	債
503E	傾
506C	傯
507B	僂
507E	僨
507F	償
50A5	儻
50A7	儐
50A8	儲
50A9	儺
513F	兒
5151	兌
5156	兗
515A	黨
5170	蘭
5173	關
5174	興
5179	茲
517B	養
517D	獸
5181	囅
5185	內
5188	岡
518C	冊
5199	寫
519B	軍
519C	農
51AF	馮
51B2	衝
51B3	決
51B5	況
51BB	凍
51C0	淨
51C4	淒
51C9	涼
51CF	減
51D1	湊
51DB	凜
51E0	幾
51E4	鳳
51EB	鳧
51ED	憑
51EF	凱
51FB	擊
51FF	鑿
520D	芻
5218	劉
5219	則
521A	剛
521B	創
5220	刪
522B	別
522C	剗
522D	剄
5239	剎
523D	劊
523F	劌
5240	剴
5242	劑
5250	剮
5251	劍
5265	剝
5267	劇
529D	勸
529E	辦
52A1	務
52A2	勱
52A8	動
52B1	勵
52B2	勁
52B3	勞
52BF	勢
52CB	勳
52DA	勩
5300	勻
5326	匭
532E	匱
533A	區
533B	醫
534E	華
534F	協
5355	單
5356	賣
5360	佔
5362	盧
5364	鹵
5367	臥
536B	衛
5374	卻
5382	廠
5385	廳
5386	歷
5389	厲
538B	壓
538C	厭
538D	厙
5390	龎
5395	廁
5398	釐
53A2	廂
53A3	厴
53A6	廈
53A8	廚
53A9	廄
53AE	廝
53BF	縣
53C1	叄
53C2	參
53C6	靉
53C7	靆
53CC	雙
53D1	發
53D8	變
53D9	敘
53E0	疊
53F6	葉
53F7	號
53F9	嘆
53FD	嘰
540E	後
5413	嚇
5415	呂
5417	嗎
5423	唚
5428	噸
542C	聽
542F	啓
5434	吳
5450	吶
5452	嘸
5453	囈
5455	嘔
5456	嚦
5457	唄
5458	員
5459	咼
545B	嗆
545C	嗚
548F	詠
5499	嚨
549B	嚀
549D	噝
54A4	吒
54CD	響
54D1	啞
54D2	噠
54D3	嘵
54D4	嗶
54D5	噦
54D7	嘩
54D9	噲
54DC	嚌
54DD	噥
54DF	喲
551B	嘜
551D	嗊
5520	嘮
5521	啢
5522	嗩
5524	喚
5567	嘖
556C	嗇
556D	囀
556E	嚙
5570	囉
5574	嘽
5578	嘯
5582	餵
55B7	噴
55BD	嘍
55BE	嚳
55EB	囁
55F3	噯
5618	噓
5624	嚶
5631	囑
565C	嚕
56A3	囂
56E2	團
56ED	園
56F1	囪
56F4	圍
56F5	圇
56FD	國
56FE	圖
5706	圓
5723	聖
5739	壙
573A	場
5742	阪
574F	壞
5757	塊
575A	堅
575B	壇
575C	壢
575D	壩
575E	塢
575F	墳
5760	墜
5784	壟
5785	壠
5786	壚
5792	壘
57A6	墾
57A9	堊
57AB	墊
57AD	埡
57AF	墶
57B1	壋
57B2	塏
57B4	堖
57D8	塒
57D9	塤
57DA	堝
57EF	垵
5811	塹
5815	墮
5846	壪
5899	牆
58EE	壯
58F0	聲
58F3	殼
58F6	壺
58F8	壼
5904	處
5907	備
590D	復
591F	夠
5934	頭
5938	誇
5939	夾
593A	奪
5941	奩
5942	奐
594B	奮
5956	獎
5965	奧
5986	妝
5987	婦
5988	媽
59A9	嫵
59AA	嫗
59AB	媯
59D7	姍
59F9	奼
5A04	婁
5A05	婭
5A06	嬈
5A07	嬌
5A08	孌
5A31	娛
5A32	媧
5A34	嫻
5A73	嫿
5A74	嬰
5A75	嬋
5A76	嬸
5AAA	媼
5AAD	嬃
5AD2	嬡
5AD4	嬪
5AF1	嬙
5B37	嬤
5B59	孫
5B66	學
5B6A	孿
5B81	寧
5B9D	寶
5B9E	實
5BA0	寵
5BA1	審
5BAA	憲
5BAB	宮
5BBD	寬
5BBE	賓
5BDD	寢
5BF9	對
5BFB	尋
5BFC	導
5BFF	壽
5C06	將
5C14	爾
5C18	塵
5C1D	嘗
5C27	堯
5C34	尷
5C38	屍
5C3D	盡
5C42	層
5C43	屓
5C49	屜
5C4A	屆
5C5E	屬
5C61	屢
5C66	屨
5C7F	嶼
5C81	歲
5C82	豈
5C96	嶇
5C97	崗
5C98	峴
5C99	嶴
5C9A	嵐
5C9B	島
5CAD	嶺
5CBD	崬
5CBF	巋
5CC3	嶨
5CC4	嶧
5CE1	峽
5CE3	嶢
5CE4	嶠
5CE5	崢
5CE6	巒
5D02	嶗
5D03	崍
5D04	嶮
5D2D	嶄
5D58	嶸
5D5A	嶔
5D5D	嶁
5DC5	巔
5DE9	鞏
5DEF	巰
5E01	幣
5E05	帥
5E08	師
5E0F	幃
5E10	帳
5E18	簾
5E1C	幟
5E26	帶
5E27	幀
5E2E	幫
5E31	幬
5E3B	幘
5E3C	幗
5E42	冪
5E72	乾
5E76	並
5E7F	廣
5E84	莊
5E86	慶
5E90	廬
5E91	廡
5E93	庫
5E94	應
5E99	廟
5E9E	龐
5E9F	廢
5EBC	廎
5EEA	廩
5F00	開
5F02	異
5F03	棄
5F11	弒
5F20	張
5F25	彌
5F2A	弳
5F2F	彎
5F39	彈
5F3A	強
5F52	歸
5F53	當
5F55	錄
5F5F	彠
5F66	彥
5F77	徬
5F7B	徹
5F81	徵
5F84	徑
5F95	徠
5FC6	憶
5FCF	懺
5FE7	憂
5FFE	愾
6000	懷
6001	態
6002	慫
6003	憮
6004	慪
6005	悵
6006	愴
601C	憐
603B	總
603C	懟
603F	懌
604B	戀
6052	恆
6073	懇
6076	惡
6078	慟
6079	懨
607A	愷
607B	惻
607C	惱
607D	惲
60A6	悅
60AB	愨
60AC	懸
60AD	慳
60AE	悞
60AF	憫
60CA	驚
60E7	懼
60E8	慘
60E9	懲
60EB	憊
60EC	愜
60ED	慚
60EE	憚
60EF	慣
6120	慍
6124	憤
6126	憒
613F	願
6151	懾
616D	憖
61D1	懣
61D2	懶
61D4	懍
6206	戇
620B	戔
620F	戲
6217	戧
6218	戰
622C	戩
622F	戱
6237	戶
6251	撲
6267	執
6269	擴
626A	捫
626B	掃
626C	揚
6270	擾
629A	撫
629B	拋
629F	摶
62A0	摳
62A1	掄
62A2	搶
62A4	護
62A5	報
62C5	擔
62DF	擬
62E2	攏
62E3	揀
62E5	擁
62E6	攔
62E7	擰
62E8	撥
62E9	擇
6302	掛
631A	摯
631B	攣
631C	掗
631D	撾
631E	撻
631F	挾
6320	撓
6321	擋
6322	撟
6323	掙
6324	擠
6325	揮
6326	撏
633D	輓
635D	挩
635E	撈
635F	損
6361	撿
6362	換
6363	搗
636E	據
63B3	擄
63B4	摑
63B7	擲
63B8	撣
63BA	摻
63BC	摜
63FD	攬
63FE	搵
63FF	撳
6400	攙
6401	擱
6402	摟
6405	攪
643A	攜
6444	攝
6445	攄
6446	擺
6447	搖
6448	擯
644A	攤
6484	攖
6491	撐
64B5	攆
64B7	擷
64B8	擼
64BA	攛
64DE	擻
6512	攢
654C	敵
655B	斂
6569	斆
6570	數
658B	齋
6593	斕
6597	鬥
65A9	斬
65AD	斷
65E0	無
65E7	舊
65F6	時
65F7	曠
65F8	暘
6619	曇
6635	暱
663C	晝
663D	曨
663E	顯
664B	晉
6652	曬
6653	曉
6654	曄
6655	暈
6656	暉
6682	暫
66A7	曖
672F	術
6734	樸
673A	機
6740	殺
6742	雜
6743	權
6746	桿
6760	槓
6761	條
6765	來
6768	楊
6769	榪
6770	傑
6781	極
6784	構
679E	樅
67A2	樞
67A3	棗
67A5	櫪
67A7	梘
67A8	棖
67AA	槍
67AB	楓
67AD	梟
67DC	櫃
67E0	檸
67FD	檉
6800	梔
6805	柵
6807	標
6808	棧
6809	櫛
680A	櫳
680B	棟
680C	櫨
680E	櫟
680F	欄
6811	樹
6816	棲
6837	樣
683E	欒
6860	椏
6861	橈
6862	楨
6863	檔
6864	榿
6865	橋
6866	樺
6867	檜
6868	槳
6869	樁
68A6	夢
68BC	檮
68BE	棶
68BF	槤
68C0	檢
68C1	梲
68C2	櫺
68F1	稜
6901	槨
691F	櫝
6920	槧
6924	欏
692D	橢
697C	樓
6984	欖
6985	榲
6987	櫬
6988	櫚
6989	櫸
69DA	檟
69DB	檻
69DF	檳
69E0	櫧
6A2A	橫
6A2F	檣
6A31	櫻
6A65	櫫
6A71	櫥
6A79	櫓
6A7C	櫞
6AA9	檁
6B22	歡
6B24	歟
6B27	歐
6B7C	殲
6B81	歿
6B87	殤
6B8B	殘
6B92	殞
6B93	殮
6B9A	殫
6BA1	殯
6BB4	毆
6BC1	毀
6BC2	轂
6BD5	畢
6BD9	斃
6BE1	氈
6BF5	毿
6C07	氌
6C14	氣
6C22	氫
6C29	氬
6C32	氳
6C47	匯
6C49	漢
6C64	湯
6C79	洶
6C89	沈
6C9F	溝
6CA1	沒
6CA3	灃
6CA4	漚
6CA5	瀝
6CA6	淪
6CA7	滄
6CA8	渢
6CA9	溈
6CAA	滬
6CC4	洩
6CDE	濘
6CEA	淚
6CF6	澩
6CF7	瀧
6CF8	瀘
6CFA	濼
6CFB	瀉
6CFC	潑
6CFD	澤
6CFE	涇
6D01	潔
6D12	灑
6D3C	窪
6D43	浹
6D45	淺
6D46	漿
6D47	澆
6D48	湞
6D49	溮
6D4A	濁
6D4B	測
6D4D	澮
6D4E	濟
6D4F	瀏
6D50	滻
6D51	渾
6D52	滸
6D53	濃
6D54	潯
6D55	濜
6D82	塗
6D8C	湧
6D9B	濤
6D9D	澇
6D9E	淶
6D9F	漣
6DA0	潿
6DA1	渦
6DA2	溳
6DA3	渙
6DA4	滌
6DA6	潤
6DA7	澗
6DA8	漲
6DA9	澀
6DC0	澱
6E0A	淵
6E0C	淥
6E0D	漬
6E0E	瀆
6E10	漸
6E11	澠
6E14	漁
6E16	瀋
6E17	滲
6E29	溫
6E7E	灣
6E7F	濕
6E81	濚
6E83	潰
6E85	濺
6E86	漵
6E87	漊
6ED7	潷
6EDA	滾
6EDE	滯
6EDF	灧
6EE0	灄
6EE1	滿
6EE2	瀅
6EE4	濾
6EE5	濫
6EE6	灤
6EE8	濱
6EE9	灘
6EEA	澦
6F13	灕
6F24	灠
6F46	瀠
6F47	瀟
6F4B	瀲
6F4D	濰
6F5C	潛
6F74	瀦
6F9B	瀂
6F9C	瀾
6FD1	瀨
6FD2	瀕
704F	灝
706D	滅
706F	燈
7075	靈
707E	災
707F	燦
7080	煬
7089	爐
7096	燉
709C	煒
709D	熗
70B9	點
70BC	煉
70BD	熾
70C1	爍
70C2	爛
70C3	烴
70DB	燭
70DF	煙
70E6	煩
70E7	燒
70E8	燁
70E9	燴
70EB	燙
70EC	燼
70ED	熱
7115	煥
7116	燜
7118	燾
7174	熅
7231	愛
7237	爺
724D	牘
7266	氂
7275	牽
727A	犧
728A	犢
72B6	狀
72B7	獷
72B8	獁
72B9	猶
72C8	狽
72DD	獮
72DE	獰
72EC	獨
72ED	狹
72EE	獅
72EF	獪
72F0	猙
72F1	獄
72F2	猻
7303	獫
730E	獵
7315	獼
7321	玀
732A	豬
732B	貓
732C	蝟
732E	獻
736D	獺
7391	璣
7399	璵
739A	瑒
739B	瑪
73AE	瑋
73AF	環
73B0	現
73B1	瑲
73BA	璽
73D0	琺
73D1	瓏
73F0	璫
73F2	琿
740E	璡
740F	璉
7410	瑣
743C	瓊
7476	瑤
7477	璦
748E	瓔
74D2	瓚
74EE	甕
74EF	甌
7535	電
753B	畫
7545	暢
7574	疇
7596	癤
7597	療
759F	瘧
75A0	癘
75A1	瘍
75AC	癧
75AD	瘲
75AE	瘡
75AF	瘋
75B1	皰
75B4	痾
75C8	癰
75C9	痙
75D2	癢
75D6	瘂
75E8	癆
75EA	瘓
75EB	癇
7605	癉
7606	瘮
7617	瘞
7618	瘻
762A	癟
762B	癱
763E	癮
763F	癭
765E	癩
7663	癬
766B	癲
7691	皚
76B1	皺
76B2	皸
76CF	盞
76D0	鹽
76D1	監
76D6	蓋
76D7	盜
76D8	盤
770D	瞘
7726	眥
772C	矓
7740	著
7741	睜
7750	睞
7751	瞼
777E	睪
7786	瞶
7792	瞞
77A9	矚
77EB	矯
77F6	磯
77FE	礬
77FF	礦
7800	碭
7801	碼
7816	磚
7817	硨
781A	硯
781C	碸
783A	礪
783B	礱
783E	礫
7840	礎
7841	硜
7855	碩
7856	硤
7857	磽
7859	磑
785A	礄
786E	確
7877	礆
788D	礙
789B	磧
789C	磣
78B1	鹼
7934	礡
793C	禮
7943	禡
794E	禕
7962	禰
796F	禎
7977	禱
7978	禍
7980	稟
7984	祿
7985	禪
79BB	離
79C3	禿
79C6	稈
79CD	種
79EF	積
79F0	稱
79FD	穢
79FE	穠
7A06	穭
7A0E	稅
7A23	穌
7A33	穩
7A51	穡
7A77	窮
7A83	竊
7A8D	竅
7A8E	窵
7A91	窯
7A9C	竄
7A9D	窩
7AA5	窺
7AA6	竇
7AAD	窶
7AD6	竪
7ADE	競
7B03	篤
7B0B	筍
7B14	筆
7B15	筧
7B3A	箋
7B3C	籠
7B3E	籩
7B51	築
7B5A	篳
7B5B	篩
7B5C	簹
7B5D	箏
7B79	籌
7B7C	篔
7B7E	簽
7B80	簡
7B93	籙
7BA6	簀
7BA7	篋
7BA8	籜
7BA9	籮
7BAA	簞
7BAB	簫
7BD1	簣
7BD3	簍
7BEE	籃
7BEF	籛
7BF1	籬
7C16	籪
7C41	籟
7C74	糴
7C7B	類
7C7C	秈
7C9C	糶
7C9D	糲
7CA4	粵
7CAA	糞
7CAE	糧
7CC1	糝
7CC7	餱
7D27	緊
7D77	縶
7E9F	糹
7EA0	糾
7EA1	紆
7EA2	紅
7EA3	紂
7EA4	纖
7EA5	紇
7EA6	約
7EA7	級
7EA8	紈
7EA9	纊
7EAA	紀
7EAB	紉
7EAC	緯
7EAD	紜
7EAE	紘
7EAF	純
7EB0	紕
7EB1	紗
7EB2	綱
7EB3	納
7EB4	紝
7EB5	縱
7EB6	綸
7EB7	紛
7EB8	紙
7EB9	紋
7EBA	紡
7EBB	紵
7EBC	紖
7EBD	紐
7EBE	紓
7EBF	線
7EC0	紺
7EC1	紲
7EC2	紱
7EC3	練
7EC4	組
7EC5	紳
7EC6	細
7EC7	織
7EC8	終
7EC9	縐
7ECA	絆
7ECB	紼
7ECC	絀
7ECD	紹
7ECE	繹
7ECF	經
7ED0	紿
7ED1	綁
7ED2	絨
7ED3	結
7ED4	絝
7ED5	繞
7ED6	絰
7ED7	絎
7ED8	繪
7ED9	給
7EDA	絢
7EDB	絳
7EDC	絡
7EDD	絕
7EDE	絞
7EDF	統
7EE0	綆
7EE1	綃
7EE2	絹
7EE3	繡
7EE4	綌
7EE5	綏
7EE6	縧
7EE7	繼
7EE8	綈
7EE9	績
7EEA	緒
7EEB	綾
7EEC	緓
7EED	續
7EEE	綺
7EEF	緋
7EF0	綽
7EF1	緔
7EF2	緄
7EF3	繩
7EF4	維
7EF5	綿
7EF6	綬
7EF7	繃
7EF8	綢
7EF9	綯
7EFA	綹
7EFB	綣
7EFC	綜
7EFD	綻
7EFE	綰
7EFF	綠
7F00	綴
7F01	緇
7F02	緙
7F03	緗
7F04	緘
7F05	緬
7F06	纜
7F07	緹
7F08	緲
7F09	緝
7F0A	縕
7F0B	繢
7F0C	緦
7F0D	綞
7F0E	緞
7F0F	緶
7F10	線
7F11	緱
7F12	縋
7F13	緩
7F14	締
7F15	縷
7F16	編
7F17	緡
7F18	緣
7F19	縉
7F1A	縛
7F1B	縟
7F1C	縝
7F1D	縫
7F1E	縗
7F1F	縞
7F20	纏
7F21	縭
7F22	縊
7F23	縑
7F24	繽
7F25	縹
7F26	縵
7F27	縲
7F28	纓
7F29	縮
7F2A	繆
7F2B	繅
7F2C	纈
7F2D	繚
7F2E	繕
7F2F	繒
7F30	繮
7F31	繾
7F32	繰
7F33	繯
7F34	繳
7F35	纘
7F42	罌
7F51	網
7F57	羅
7F5A	罰
7F62	罷
7F74	羆
7F81	羈
7F9F	羥
7FA1	羨
7FD8	翹
7FD9	翽
7FDA	翬
8022	耮
8027	耬
8038	聳
803B	恥
8042	聶
804B	聾
804C	職
804D	聹
8054	聯
8069	聵
806A	聰
8083	肅
80A0	腸
80A4	膚
80AE	骯
80BE	腎
80BF	腫
80C0	脹
80C1	脅
80C6	膽
80DC	勝
80E7	朧
80E8	腖
80EA	臚
80EB	脛
80F6	膠
8109	脈
810D	膾
810F	髒
8110	臍
8111	腦
8113	膿
8114	臠
811A	腳
8131	脫
8136	腡
8138	臉
814A	臘
814C	醃
8158	膕
816D	齶
817B	膩
817D	膃
817E	騰
8191	臏
81BB	羶
81DC	臢
8206	輿
820D	捨
8223	艤
8230	艦
8231	艙
823B	艫
8270	艱
8273	艷
827A	藝
8282	節
8288	羋
8297	薌
829C	蕪
82A6	蘆
82C1	蓯
82C7	葦
82C8	藶
82CB	莧
82CC	萇
82CD	蒼
82CE	苧
82CF	蘇
82E7	薴
82F9	蘋
8303	範
830E	莖
830F	蘢
8311	蔦
8314	塋
8315	煢
8327	繭
8346	荊
8350	薦
8359	薘
835A	莢
835B	蕘
835C	蓽
835E	蕎
835F	薈
8360	薺
8361	蕩
8363	榮
8364	葷
8365	滎
8366	犖
8367	熒
8368	蕁
8369	藎
836A	蓀
836B	蔭
836C	蕒
836D	葒
836E	葤
836F	藥
8385	蒞
83B1	萊
83B2	蓮
83B3	蒔
83B4	萵
83B6	薟
83B7	獲
83B8	蕕
83B9	瑩
83BA	鶯
83BC	蒓
841A	蘀
841D	蘿
8424	螢
8425	營
8426	縈
8427	蕭
8428	薩
8471	蔥
8487	蕆
8489	蕢
848B	蔣
848C	蔞
84DD	藍
84DF	薊
84E0	蘺
84E3	蕷
84E5	鎣
84E6	驀
8502	虆
8537	薔
8539	蘞
853A	藺
853C	藹
8570	薀
8572	蘄
8574	蘊
85AE	藪
85D3	蘚
8616	櫱
864F	虜
8651	慮
865A	虛
866B	蟲
866C	虯
866E	蟣
8671	蝨
867D	雖
867E	蝦
867F	蠆
8680	蝕
8681	蟻
8682	螞
8695	蠶
869D	蠔
86AC	蜆
86CA	蠱
86CE	蠣
86CF	蟶
86EE	蠻
86F0	蟄
86F1	蛺
86F2	蟯
86F3	螄
86F4	蠐
8715	蛻
8717	蝸
8721	蠟
8747	蠅
8748	蟈
8749	蟬
874E	蠍
877C	螻
877E	蠑
8780	螿
87A8	蟎
87CF	蠨
8845	釁
8854	銜
8865	補
886C	襯
886E	袞
8884	襖
8885	裊
8886	褘
889C	襪
88AD	襲
88AF	襏
88C5	裝
88C6	襠
88C8	褌
88E2	褳
88E3	襝
88E4	褲
88E5	襇
891B	褸
8934	襤
8955	襴
89C1	見
89C2	觀
89C3	覎
89C4	規
89C5	覓
89C6	視
89C7	覘
89C8	覽
89C9	覺
89CA	覬
89CB	覡
89CC	覿
89CD	覥
89CE	覦
89CF	覯
89D0	覲
89D1	覷
89DE	觴
89E6	觸
89EF	觶
8A1A	誾
8A5F	讋
8A89	譽
8A8A	謄
8BA0	訁
8BA1	計
8BA2	訂
8BA3	訃
8BA4	認
8BA5	譏
8BA6	訐
8BA7	訌
8BA8	討
8BA9	讓
8BAA	訕
8BAB	訖
8BAC	託
8BAD	訓
8BAE	議
8BAF	訊
8BB0	記
8BB1	訒
8BB2	講
8BB3	諱
8BB4	謳
8BB5	詎
8BB6	訝
8BB7	訥
8BB8	許
8BB9	訛
8BBA	論
8BBB	訩
8BBC	訟
8BBD	諷
8BBE	設
8BBF	訪
8BC0	訣
8BC1	證
8BC2	詁
8BC3	訶
8BC4	評
8BC5	詛
8BC6	識
8BC7	詗
8BC8	詐
8BC9	訴
8BCA	診
8BCB	詆
8BCC	謅
8BCD	詞
8BCE	詘
8BCF	詔
8BD0	詖
8BD1	譯
8BD2	詒
8BD3	誆
8BD4	誄
8BD5	試
8BD6	詿
8BD7	詩
8BD8	詰
8BD9	詼
8BDA	誠
8BDB	誅
8BDC	詵
8BDD	話
8BDE	誕
8BDF	詬
8BE0	詮
8BE1	詭
8BE2	詢
8BE3	詣
8BE4	諍
8BE5	該
8BE6	詳
8BE7	詫
8BE8	諢
8BE9	詡
8BEA	譸
8BEB	誡
8BEC	誣
8BED	語
8BEE	誚
8BEF	誤
8BF0	誥
8BF1	誘
8BF2	誨
8BF3	誑
8BF4	說
8BF5	誦
8BF6	誒
8BF7	請
8BF8	諸
8BF9	諏
8BFA	諾
8BFB	讀
8BFC	諑
8BFD	誹
8BFE	課
8BFF	諉
8C00	諛
8C01	誰
8C02	諗
8C03	調
8C04	諂
8C05	諒
8C06	諄
8C07	誶
8C08	談
8C0A	誼
8C0B	謀
8C0C	諶
8C0D	諜
8C0E	謊
8C0F	諫
8C10	諧
8C11	謔
8C12	謁
8C13	謂
8C14	諤
8C15	諭
8C16	諼
8C17	讒
8C18	諮
8C19	諳
8C1A	諺
8C1B	諦
8C1C	謎
8C1D	諞
8C1E	諝
8C1F	謨
8C20	讜
8C21	謖
8C22	謝
8C23	謠
8C24	謗
8C25	謚
8C26	謙
8C27	謐
8C28	謹
8C29	謾
8C2A	謫
8C2B	謭
8C2C	謬
8C2D	譚
8C2E	譖
8C2F	譙
8C30	讕
8C31	譜
8C32	譎
8C33	讞
8C34	譴
8C35	譫
8C36	讖
8C6E	豶
8D1D	貝
8D1E	貞
8D1F	負
8D20	貟
8D21	貢
8D22	財
8D23	責
8D24	賢
8D25	敗
8D26	賬
8D27	貨
8D28	質
8D29	販
8D2A	貪
8D2B	貧
8D2C	貶
8D2D	購
8D2E	貯
8D2F	貫
8D30	貳
8D31	賤
8D32	賁
8D33	貰
8D34	貼
8D35	貴
8D36	貺
8D37	貸
8D38	貿
8D39	費
8D3A	賀
8D3B	貽
8D3C	賊
8D3D	贄
8D3E	賈
8D3F	賄
8D40	貲
8D41	賃
8D42	賂
8D43	贓
8D44	資
8D45	賅
8D46	贐
8D47	賕
8D48	賑
8D49	賚
8D4A	賒
8D4B	賦
8D4C	賭
8D4D	賫
8D4E	贖
8D4F	賞
8D50	賜
8D51	贔
8D52	賙
8D53	賡
8D54	賠
8D55	賧
8D56	賴
8D57	賵
8D58	贅
8D59	賻
8D5A	賺
8D5B	賽
8D5C	賾
8D5D	贋
8D5E	贊
8D5F	贇
8D60	贈
8D61	贍
8D62	贏
8D63	贛
8D6A	赬
8D75	趙
8D76	趕
8D8B	趨
8DB1	趲
8DB8	躉
8DC3	躍
8DC4	蹌
8DDE	躒
8DF5	踐
8DF6	躂
8DF7	蹺
8DF8	蹕
8DF9	躚
8DFB	躋
8E0A	踴
8E0C	躊
8E2A	蹤
8E2C	躓
8E2F	躑
8E51	躡
8E52	蹣
8E70	躕
8E7F	躥
8E8F	躪
8E9C	躦
8EAF	軀
8F66	車
8F67	軋
8F68	軌
8F69	軒
8F6A	軑
8F6B	軔
8F6C	轉
8F6D	軛
8F6E	輪
8F6F	軟
8F70	轟
8F71	軲
8F72	軻
8F73	轤
8F74	軸
8F75	軹
8F76	軼
8F77	軤
8F78	軫
8F79	轢
8F7A	軺
8F7B	輕
8F7C	軾
8F7D	載
8F7E	輊
8F7F	轎
8F80	輈
8F81	輇
8F82	輅
8F83	較
8F84	輒
8F85	輔
8F86	輛
8F87	輦
8F88	輩
8F89	輝
8F8A	輥
8F8B	輞
8F8C	輬
8F8D	輟
8F8E	輜
8F8F	輳
8F90	輻
8F91	輯
8F92	轀
8F93	輸
8F94	轡
8F95	轅
8F96	轄
8F97	輾
8F98	轆
8F99	轍
8F9A	轔
8F9E	辭
8FA9	辯
8FAB	辮
8FB9	邊
8FBD	遼
8FBE	達
8FC1	遷
8FC7	過
8FC8	邁
8FD0	運
8FD8	還
8FD9	這
8FDB	進
8FDC	遠
8FDD	違
8FDE	連
8FDF	遲
8FE9	邇
8FF3	逕
8FF9	跡
9002	適
9009	選
900A	遜
9012	遞
9026	邐
903B	邏
9057	遺
9065	遙
9093	鄧
909D	鄺
90AC	鄔
90AE	郵
90B9	鄒
90BA	鄴
90BB	鄰
90CF	郟
90D0	鄶
90D1	鄭
90D3	鄆
90E6	酈
90E7	鄖
90F8	鄲
9142	酇
915D	醖
9166	醱
9171	醬
917D	釅
917E	釃
917F	釀
91C7	採
91CA	釋
9274	鑒
92AE	鑾
933E	鏨
9485	釒
9486	釓
9487	釔
9488	針
9489	釘
948A	釗
948B	釙
948C	釕
948D	釷
948E	釺
948F	釧
9490	釤
9491	鈒
9492	釩
9493	釣
9494	鍆
9495	釹
9496	鍚
9497	釵
9498	鈃
9499	鈣
949A	鈈
949B	鈦
949C	鉅
949D	鈍
949E	鈔
949F	鐘
94A0	鈉
94A1	鋇
94A2	鋼
94A3	鈑
94A4	鈐
94A5	鑰
94A6	欽
94A7	鈞
94A8	鎢
94A9	鈎
94AA	鈧
94AB	鈁
94AC	鈥
94AD	鈄
94AE	鈕
94AF	鈀
94B0	鈺
94B1	錢
94B2	鉦
94B3	鉗
94B4	鈷
94B5	鉢
94B6	鈳
94B7	鉕
94B8	鈽
94B9	鈸
94BA	鉞
94BB	鑽
94BC	鉬
94BD	鉭
94BE	鉀
94BF	鈿
94C0	鈾
94C1	鐵
94C2	鉑
94C3	鈴
94C4	鑠
94C5	鉛
94C6	鉚
94C7	鉋
94C8	鈰
94C9	鉉
94CA	鉈
94CB	鉍
94CC	鈮
94CD	鈹
94CE	鐸
94CF	鉶
94D0	銬
94D1	銠
94D2	鉺
94D3	鋩
94D4	錏
94D5	銪
94D6	鋮
94D7	鋏
94D8	鋣
94D9	鐃
94DA	銍
94DB	鐺
94DC	銅
94DD	鋁
94DE	銱
94DF	銦
94E0	鎧
94E1	鍘
94E2	銖
94E3	銑
94E4	鋌
94E5	銩
94E6	銛
94E7	鏵
94E8	銓
94E9	鎩
94EA	鉿
94EB	銚
94EC	鉻
94ED	銘
94EE	錚
94EF	銫
94F0	鉸
94F1	銥
94F2	鏟
94F3	銃
94F4	鐋
94F5	銨
94F6	銀
94F7	銣
94F8	鑄
94F9	鐒
94FA	鋪
94FB	鋙
94FC	錸
94FD	鋱
94FE	鏈
94FF	鏗
9500	銷
9501	鎖
9502	鋰
9503	鋥
9504	鋤
9505	鍋
9506	鋯
9507	鋨
9508	鏽
9509	銼
950A	鋝
950B	鋒
950C	鋅
950D	鋶
950E	鐦
950F	鐧
9510	銳
9511	銻
9512	鋃
9513	鋟
9514	鋦
9515	錒
9516	錆
9517	鍺
9518	鍩
9519	錯
951A	錨
951B	錛
951C	錡
951D	鍀
951E	錁
951F	錕
9520	錩
9521	錫
9522	錮
9523	鑼
9524	錘
9525	錐
9526	錦
9527	鑕
9528	鍁
9529	錈
952A	鍃
952B	錇
952C	錟
952D	錠
952E	鍵
952F	鋸
9530	錳
9531	錙
9532	鍥
9533	鍈
9534	鍇
9535	鏘
9536	鍶
9537	鍔
9538	鍤
9539	鍬
953A	鍾
953B	鍛
953C	鎪
953D	鍠
953E	鍰
953F	鎄
9540	鍍
9541	鎂
9542	鏤
9543	鎡
9544	鐨
9545	鎇
9546	鏌
9547	鎮
9548	鎛
9549	鎘
954A	鑷
954B	鎲
954C	鐫
954D	鎳
954E	鎿
954F	鎦
9550	鎬
9551	鎊
9552	鎰
9553	鎵
9554	鑌
9555	鎔
9556	鏢
9557	鏜
9558	鏝
9559	鏍
955A	鏰
955B	鏞
955C	鏡
955D	鏑
955E	鏃
955F	鏇
9560	鏐
9561	鐔
9562	鐝
9563	鐐
9564	鏷
9565	鑥
9566	鐓
9567	鑭
9568	鐠
9569	鑹
956A	鏹
956B	鐙
956C	鑊
956D	鐳
956E	鐶
956F	鐲
9570	鐮
9571	鐿
9572	鑔
9573	鑣
9574	鑞
9575	鑱
9576	鑲
957F	長
95E8	門
95E9	閂
95EA	閃
95EB	閆
95EC	閈
95ED	閉
95EE	問
95EF	闖
95F0	閏
95F1	闈
95F2	閒
95F3	閎
95F4	間
95F5	閔
95F6	閌
95F7	悶
95F8	閘
95F9	鬧
95FA	閨
95FB	聞
95FC	闥
95FD	閩
95FE	閭
95FF	闓
9600	閥
9601	閣
9602	閡
9603	閫
9604	鬮
9605	閱
9606	閬
9607	闍
9608	閾
9609	閹
960A	閶
960B	鬩
960C	閿
960D	閽
960E	閻
960F	閼
9610	闡
9611	闌
9612	闃
9613	闠
9614	闊
9615	闋
9616	闔
9617	闐
9618	闒
9619	闕
961A	闞
961B	闤
961F	隊
9633	陽
9634	陰
9635	陣
9636	階
9645	際
9646	陸
9647	隴
9648	陳
9649	陘
9655	陝
9667	隉
9668	隕
9669	險
968F	隨
9690	隱
96B6	隸
96BD	雋
96BE	難
96CF	雛
96E0	讎
96F3	靂
96FE	霧
9701	霽
9721	霢
972D	靄
9753	靚
9759	靜
9765	靨
9791	韃
9792	鞽
97AF	韉
97E6	韋
97E7	韌
97E8	韍
97E9	韓
97EA	韙
97EB	韞
97EC	韜
97F5	韻
9875	頁
9876	頂
9877	頃
9878	頇
9879	項
987A	順
987B	須
987C	頊
987D	頑
987E	顧
987F	頓
9880	頎
9881	頒
9882	頌
9883	頏
9884	預
9885	顱
9886	領
9887	頗
9888	頸
9889	頡
988A	頰
988B	頲
988C	頜
988D	潁
988E	熲
988F	頦
9890	頤
9891	頻
9892	頮
9893	頹
9894	頷
9895	頴
9896	穎
9897	顆
9898	題
9899	顒
989A	顎
989B	顓
989C	顏
989D	額
989E	顳
989F	顢
98A0	顛
98A1	顙
98A2	顥
98A4	顫
98A5	顬
98A6	顰
98A7	顴
98CE	風
98CF	颺
98D0	颭
98D1	颮
98D2	颯
98D3	颶
98D4	颸
98D5	颼
98D6	颻
98D7	飀
98D8	飄
98D9	飆
98DA	飈
98DE	飛
98E8	饗
990D	饜
9963	飠
9964	飣
9965	飢
9966	飥
9967	餳
9968	飩
9969	餼
996A	飪
996B	飫
996C	飭
996D	飯
996E	飲
996F	餞
9970	飾
9971	飽
9972	飼
9973	飿
9974	飴
9975	餌
9976	饒
9977	餉
9978	餄
9979	餎
997A	餃
997B	餏
997C	餅
997D	餑
997E	餖
997F	餓
9980	餘
9981	餒
9982	餕
9983	餜
9984	餛
9985	餡
9986	館
9987	餷
9988	饋
9989	餶
998A	餿
998B	饞
998C	饁
998D	饃
998E	餺
998F	餾
9990	饈
9991	饉
9992	饅
9993	饊
9994	饌
9995	饢
9A6C	馬
9A6D	馭
9A6E	馱
9A6F	馴
9A70	馳
9A71	驅
9A72	馹
9A73	駁
9A74	驢
9A75	駔
9A76	駛
9A77	駟
9A78	駙
9A79	駒
9A7A	騶
9A7B	駐
9A7C	駝
9A7D	駑
9A7E	駕
9A7F	驛
9A80	駘
9A81	驍
9A82	罵
9A83	駰
9A84	驕
9A85	驊
9A86	駱
9A87	駭
9A88	駢
9A89	驫
9A8A	驪
9A8B	騁
9A8C	驗
9A8D	騂
9A8E	駸
9A8F	駿
9A90	騏
9A91	騎
9A92	騍
9A93	騅
9A94	騌
9A95	驌
9A96	驂
9A97	騙
9A98	騭
9A99	騤
9A9A	騷
9A9B	騖
9A9C	驁
9A9D	騮
9A9E	騫
9A9F	騸
9AA0	驃
9AA1	騾
9AA2	驄
9AA3	驏
9AA4	驟
9AA5	驥
9AA6	驦
9AA7	驤
9AC5	髏
9ACB	髖
9ACC	髕
9B13	鬢
9B36	鬹
9B47	魘
9B49	魎
9C7C	魚
9C7D	魛
9C7E	魢
9C7F	魷
9C80	魨
9C81	魯
9C82	魴
9C83	䰾
9C84	魺
9C85	鮁
9C86	鮃
9C87	鮎
9C88	鱸
9C89	鮋
9C8A	鮓
9C8B	鮒
9C8C	鮊
9C8D	鮑
9C8E	鱟
9C8F	鮍
9C90	鮐
9C91	鮭
9C92	鮚
9C93	鮳
9C94	鮪
9C95	鮞
9C96	鮦
9C97	鰂
9C98	鮜
9C99	鱠
9C9A	鱭
9C9B	鮫
9C9C	鮮
9C9D	鮺
9C9E	鮝
9C9F	鱘
9CA0	鯁
9CA1	鱺
9CA2	鰱
9CA3	鰹
9CA4	鯉
9CA5	鰣
9CA6	鰷
9CA7	鯀
9CA8	鯊
9CA9	鯇
9CAA	鮶
9CAB	鯽
9CAC	鯒
9CAD	鯖
9CAE	鯪
9CAF	鯕
9CB0	鯫
9CB1	鯡
9CB2	鯤
9CB3	鯧
9CB4	鯝
9CB5	鯢
9CB6	鯰
9CB7	鯛
9CB8	鯨
9CB9	鰺
9CBA	鯴
9CBB	鯔
9CBC	鱝
9CBD	鰈
9CBE	鰏
9CBF	鱨
9CC0	鯷
9CC1	鰮
9CC2	鰃
9CC3	鰓
9CC4	鰐
9CC5	鰍
9CC6	鰒
9CC7	鰉
9CC8	鰁
9CC9	鱂
9CCA	鯿
9CCB	鰠
9CCC	鰲
9CCD	鰭
9CCE	鰨
9CCF	鰥
9CD0	鰩
9CD1	鰟
9CD2	鰜
9CD3	鰳
9CD4	鰾
9CD5	鱈
9CD6	鱉
9CD7	鰻
9CD8	鰵
9CD9	鱅
9CDA	䲁
9CDB	鰼
9CDC	鱖
9CDD	鱔
9CDE	鱗
9CDF	鱒
9CE0	鱯
9CE1	鱤
9CE2	鱧
9CE3	鱣
9CE4	䲘
9E1F	鳥
9E20	鳩
9E21	雞
9E22	鳶
9E23	鳴
9E24	鳲
9E25	鷗
9E26	鴉
9E27	鶬
9E28	鴇
9E29	鴆
9E2A	鴣
9E2B	鶇
9E2C	鸕
9E2D	鴨
9E2E	鴞
9E2F	鴦
9E30	鴒
9E31	鴟
9E32	鴝
9E33	鴛
9E34	鷽
9E35	鴕
9E36	鷥
9E37	鷙
9E38	鴯
9E39	鴰
9E3A	鵂
9E3B	鴴
9E3C	鵃
9E3D	鴿
9E3E	鸞
9E3F	鴻
9E40	鵐
9E41	鵓
9E42	鸝
9E43	鵑
9E44	鵠
9E45	鵝
9E46	鵒
9E47	鷳
9E48	鵜
9E49	鵡
9E4A	鵲
9E4B	鶓
9E4C	鵪
9E4D	鵾
9E4E	鵯
9E4F	鵬
9E50	鵮
9E51	鶉
9E52	鶊
9E53	鵷
9E54	鷫
9E55	鶘
9E56	鶡
9E57	鶚
9E58	鶻
9E59	鶖
9E5A	鷀
9E5B	鶥
9E5C	鶩
9E5D	鷊
9E5E	鷂
9E5F	鶲
9E60	鶹
9E61	鶺
9E62	鷁
9E63	鶼
9E64	鶴
9E65	鷖
9E66	鸚
9E67	鷓
9E68	鷚
9E69	鷯
9E6A	鷦
9E6B	鷲
9E6C	鷸
9E6D	鷺
9E6E	䴉
9E6F	鸇
9E70	鷹
9E71	鸌
9E72	鸏
9E73	鸛
9E74	鸘
9E7E	鹺
9EA6	麥
9EB8	麩
9EB9	麴
9EC4	黃
9EC9	黌
9EE1	黶
9EE9	黷
9EEA	黲
9EFE	黽
9F0B	黿
9F0D	鼉
9F17	鞀
9F39	鼴
9F50	齊
9F51	齏
9F7F	齒
9F80	齔
9F81	齕
9F82	齗
9F83	齟
9F84	齡
9F85	齙
9F86	齠
9F87	齜
9F88	齦
9F89	齬
9F8A	齪
9F8B	齲
9F8C	齷
9F99	龍
9F9A	龔
9F9B	龕
9F9F	龜
9FCE	䃮
9FCF	䥑
9FD4	鎶
9FED	鉨
