3473	㑇
361A	㘎
380F	㟆
3823	𫵷
396E	㤘
3A5C	㨫
3A73	㧐
3F06	𬎆
40EE	鿎
42B7	䌶
42D9	䌺
42FB	䌾
44E3	𬜯
477C	䞍
4875	𫟦
4951	鿏
4955	𬭯
4B17	扬
4B84	𫠊
4BC0	䯅
4C3E	鲃
4C7D	䲝
4C81	鳚
4C98	鳤
4D09	鹮
4DA7	咬
4E1F	丢
4E26	并
4E7E	干
4E82	乱
4E99	亘
4E9E	亚
4F47	伫
4F48	布
4F54	占
4F75	并
4F86	来
4F96	仑
4FB6	侣
4FB7	局
4FC1	俣
4FC2	系
4FD4	伣
4FE0	侠
4FEC	私
4FF1	具
5000	伥
5006	俩
5008	俫
5009	仓
500B	个
5011	们
5016	幸
5023	仿
502B	伦
5049	伟
5074	侧
5075	侦
507D	伪
5091	杰
5096	伧
5098	伞
5099	备
50A2	家
50AD	佣
50AF	偬
50B3	传
50B4	伛
50B5	债
50B7	伤
50BE	倾
50C2	偻
50C5	仅
50C7	戮
50C9	佥
50D1	侨
50D5	仆
50DE	伪
50E4	𫢸
50E5	侥
50E8	偾
50F1	雇
50F9	价
5100	仪
5102	侬
5104	亿
5108	侩
5109	俭
5110	傧
5114	俦
5115	侪
5118	尽
511F	偿
512A	优
5132	储
5137	俪
5138	㑩
513A	傩
513B	傥
513C	俨
5147	凶
514C	兑
5152	儿
5157	兖
5167	内
5169	两
518A	册
51AA	幂
51C8	净
51CD	冻
51DC	凛
51F1	凯
5225	别
522A	删
5244	刭
5247	则
524B	克
524E	刹
5257	刬
525B	刚
525D	剥
526E	剐
5274	剀
5275	创
5277	铲
5283	划
5287	剧
5289	刘
528A	刽
528C	刿
528D	剑
528F	㓥
5291	剂
529A	㔉
52C1	劲
52D5	动
52D7	勖
52D9	务
52DB	勋
52DD	胜
52DE	劳
52E2	势
52E3	𪟝
52E9	勚
52F1	劢
52F3	勋
52F5	励
52F8	劝
52FB	匀
532D	匦
532F	汇
5331	匮
5340	区
5354	协
5379	恤
537B	却
5399	厍
53A0	厕
53AD	厌
53B2	厉
53B4	厣
53C3	参
53C4	叁
53E2	丛
5412	咤
5422	吣
5433	吴
5436	呐
5442	吕
54B7	啕
54BC	呙
54E1	员
5504	呗
551A	吣
5538	念
554F	问
5553	启
555E	哑
555F	启
5562	唡
558E	㖞
559A	唤
55A8	亮
55AA	丧
55AB	吃
55AC	乔
55AE	单
55B2	哟
55C6	呛
55C7	啬
55CA	唝
55CE	吗
55DA	呜
55E9	唢
55F6	哔
5606	叹
560D	喽
5614	呕
5616	啧
5617	尝
561C	唛
5629	哗
562E	唠
562F	啸
5630	叽
5635	哓
5638	呒
563D	啴
5641	𫫇
5653	嘘
565A	㖊
565D	咝
5660	哒
5665	哝
5666	哕
566F	嗳
5672	哙
5674	喷
5678	吨
5679	当
5680	咛
5687	吓
568C	哜
5690	尝
5695	噜
5699	啮
56A5	咽
56A6	呖
56A8	咙
56AE	向
56B2	亸
56B3	喾
56B4	严
56B6	嘤
56C0	啭
56C1	嗫
56C2	嚣
56C5	冁
56C8	呓
56C9	啰
56CD	禧
56D1	嘱
56D3	啮
56EA	囱
5707	囵
570B	国
570D	围
5712	园
5713	圆
5716	图
5718	团
57B5	埯
57E1	垭
57E8	𫭢
57F0	采
57F7	执
5805	坚
580A	垩
5816	垴
581D	埚
582F	尧
5831	报
5834	场
584A	块
584B	茔
584F	垲
5852	埘
5857	涂
585A	冢
5862	坞
5864	埙
5875	尘
5878	𫭟
5879	堑
587F	𪣻
588A	垫
589C	坠
58A0	𫮃
58AE	堕
58B3	坟
58B6	垯
58BB	墙
58BE	垦
58C7	坛
58CB	垱
58CE	埙
58D3	压
58D8	垒
58D9	圹
58DA	垆
58DC	坛
58DE	坏
58DF	垄
58E0	垅
58E2	坜
58E9	坝
58EA	塆
58EF	壮
58FA	壶
58FC	壸
58FD	寿
5920	够
5922	梦
5925	伙
593E	夹
5950	奂
5967	奥
5969	奁
596A	夺
596C	奖
596E	奋
597C	姹
599D	妆
59CA	姐
59CD	姗
59E6	奸
59EA	侄
5A19	𫰛
5A1B	娱
5A41	娄
5A66	妇
5A6D	娅
5AA7	娲
5AAF	妫
5ABC	媪
5ABD	妈
5ACB	袅
5AD7	妪
5AF5	妩
5AFB	娴
5AFF	婳
5B00	妫
5B03	媭
5B08	娆
5B0B	婵
5B0C	娇
5B19	嫱
5B1D	袅
5B21	嫒
5B24	嬷
5B2A	嫔
5B30	婴
5B38	婶
5B43	娘
5B4C	娈
5B6B	孙
5B78	学
5B7F	孪
5BAE	宫
5BE2	寝
5BE6	实
5BE7	宁
5BE9	审
5BEB	写
5BEC	宽
5BF5	宠
5BF6	宝
5C05	克
5C07	将
5C08	专
5C0B	寻
5C0D	对
5C0E	导
5C37	尴
5C46	届
5C4D	尸
5C53	屃
5C5C	屉
5C62	屡
5C64	层
5C68	屦
5C6C	属
5CA1	冈
5CF4	岘
5CF6	岛
5CFD	峡
5D0D	崃
5D11	昆
5D17	岗
5D19	仑
5D22	峥
5D2C	岽
5D50	岚
5D7D	𫶇
5D81	嵝
5D84	崭
5D87	岖
5D94	嵚
5D97	崂
5DA0	峤
5DA2	峣
5DA7	峄
5DA8	峃
5DAE	崄
5DB4	岙
5DB8	嵘
5DBA	岭
5DBC	屿
5DCB	岿
5DD2	峦
5DD4	巅
5DD6	岩
5DD8	𪩘
5DF0	巯
5E25	帅
5E2B	师
5E33	帐
5E36	带
5E40	帧
5E43	帏
5E57	帼
5E58	帻
5E5F	帜
5E63	币
5E6B	帮
5E6C	帱
5E79	干
5E7E	几
5EAB	库
5EC1	厕
5EC2	厢
5EC4	厩
5EC8	厦
5ECE	庼
5EDA	厨
5EDD	厮
5EDE	𫷷
5EDF	庙
5EE0	厂
5EE1	庑
5EE2	废
5EE3	广
5EE9	廪
5EEC	庐
5EF3	厅
5EFB	回
5F12	弑
5F14	吊
5F33	弪
5F35	张
5F37	强
5F44	𫸩
5F46	别
5F48	弹
5F4C	弥
5F4E	弯
5F59	汇
5F5E	彝
5F60	彟
5F65	彦
5F7F	佛
5F8C	后
5F91	径
5F9E	从
5FA0	徕
5FA9	复
5FAC	彷
5FB5	征
5FB9	彻
6046	恒
6065	耻
6085	悦
609E	悮
60B3	德
60B5	怅
60B6	闷
60BD	凄
60E1	恶
60F1	恼
60F2	恽
60FB	恻
611B	爱
611C	惬
6128	悫
6134	怆
6137	恺
613E	忾
6144	栗
6147	殷
614B	态
614D	愠
6158	惨
615A	惭
615F	恸
6163	惯
6164	悫
616A	怄
616B	怂
616E	虑
6173	悭
6176	庆
617C	戚
617E	欲
6182	忧
618A	惫
6190	怜
6191	凭
6192	愦
6196	慭
619A	惮
61A4	愤
61AB	悯
61AE	怃
61B2	宪
61B6	忆
61C3	勤
61C7	恳
61C9	应
61CC	怿
61CD	懔
61DE	蒙
61DF	怼
61E3	懑
61E8	恹
61EE	忧
61F2	惩
61F6	懒
61F7	怀
61F8	悬
61FA	忏
61FC	惧
61FE	慑
6200	恋
6207	戆
6214	戋
6227	戗
6229	戬
6230	战
6231	戯
6232	戏
6236	户
62CB	抛
6329	捝
633E	挟
6368	舍
636B	扪
6372	卷
6383	扫
6384	抡
6397	挜
6399	挣
639B	挂
63A1	采
63C0	拣
63DA	扬
63DB	换
63EE	挥
6406	构
640D	损
6416	摇
6417	捣
6425	捶
6427	扇
6428	拓
6435	揾
6436	抢
643E	榨
6440	捂
6451	掴
645C	掼
645F	搂
646F	挚
6473	抠
6476	抟
647A	折
647B	掺
6488	捞
648F	挦
6490	撑
6493	挠
649A	捻
649D	㧑
649F	挢
64A2	掸
64A3	掸
64A5	拨
64AB	抚
64B2	扑
64B3	揿
64BB	挞
64BE	挝
64BF	捡
64C1	拥
64C4	掳
64C7	择
64CA	击
64CB	挡
64D3	㧟
64D4	担
64DA	据
64E0	挤
64E3	捣
64EC	拟
64EF	摈
64F0	拧
64F1	搁
64F2	掷
64F4	扩
64F7	撷
64FA	摆
64FB	擞
64FC	撸
64FE	扰
6504	摅
6506	撵
650F	拢
6514	拦
6516	撄
6519	搀
651B	撺
651C	携
651D	摄
6522	攒
6523	挛
6524	摊
652A	搅
652C	揽
6557	败
6558	叙
6575	敌
6578	数
6582	敛
6583	毙
6586	敩
6595	斓
65AC	斩
65B7	断
65BC	于
6607	升
6642	时
6649	晋
665B	𬀪
665D	昼
6688	晕
6689	晖
6690	𬀩
6698	旸
66A2	畅
66AB	暂
66B1	昵
66C4	晔
66C6	历
66C7	昙
66C9	晓
66CF	向
66D6	暧
66E0	旷
66E8	昽
66EC	晒
66F8	书
6703	会
6727	胧
6771	东
6792	丫
67F5	栅
687F	杆
6894	栀
6898	枧
689C	𬂩
689D	条
689F	枭
68B2	棁
68C4	弃
68D6	枨
68D7	枣
68DF	栋
68E1	㭎
68E7	栈
68F2	栖
68F6	梾
690F	桠
694A	杨
6953	枫
6968	桢
696D	业
6975	极
6996	谷
69AA	杩
69AE	荣
69B2	榅
69BF	桤
69CB	构
69CD	枪
69D3	杠
69D6	橐
69E4	梿
69E7	椠
69E8	椁
69F3	桨
6A01	桩
6A02	乐
6A05	枞
6A11	梁
6A13	楼
6A19	标
6A1E	枢
6A23	样
6A38	朴
6A39	树
6A3A	桦
6A48	桡
6A4B	桥
6A5F	机
6A62	椭
6A6B	横
6A81	檩
6A89	柽
6A94	档
6A9C	桧
6A9D	楫
6A9F	槚
6AA2	检
6AA3	樯
6AAE	梼
6AAF	台
6AB3	槟
6AB8	柠
6ABB	槛
6AC3	柜
6ACD	𬃊
6AD3	橹
6ADA	榈
6ADB	栉
6ADD	椟
6ADE	橼
6ADF	栎
6AE5	橱
6AE7	槠
6AE8	栌
6AEA	枥
6AEB	橥
6AEC	榇
6AF1	蘖
6AF3	栊
6AF8	榉
6AFA	棂
6AFB	樱
6B04	栏
6B0A	权
6B0F	椤
6B12	栾
6B13	𣗋
6B16	榄
6B1E	棂
6B35	款
6B3D	钦
6B4E	叹
6B50	欧
6B5B	敛
6B5F	欤
6B61	欢
6B72	岁
6B77	历
6B78	归
6B7F	殁
6B98	残
6B9E	殒
6BA4	殇
6BA8	㱮
6BAB	殚
6BAE	殓
6BAF	殡
6BB0	㱩
6BB2	歼
6BBA	杀
6BBC	壳
6BC0	毁
6BC6	殴
6BEC	球
6BFF	毵
6C02	牦
6C08	毡
6C0C	氇
6C23	气
6C2B	氢
6C2C	氩
6C33	氲
6C39	凼
6C3E	泛
6C4E	泛
6C59	污
6C7A	决
6C8D	冱
6C92	没
6C96	冲
6CC1	况
6D29	泄
6D36	汹
6D79	浃
6D7F	𬇙
6D87	泾
6DBC	凉
6DD2	凄
6DDA	泪
6DE5	渌
6DE8	净
6DEA	沦
6DF5	渊
6DF6	涞
6DFA	浅
6E19	涣
6E1B	减
6E22	沨
6E26	涡
6E2C	测
6E3E	浑
6E4A	凑
6E4B	𣲗
6E5E	浈
6E67	涌
6E6F	汤
6E88	沩
6E96	准
6E9D	沟
6EAB	温
6EAE	浉
6EB3	涢
6EBC	湿
6EC4	沧
6EC5	灭
6ECC	涤
6ECE	荥
6EEC	沪
6EEF	滞
6EF2	渗
6EF7	卤
6EF8	浒
6EFB	浐
6EFE	滚
6EFF	满
6F01	渔
6F0A	溇
6F0D	𬇹
6F1A	沤
6F22	汉
6F23	涟
6F2C	渍
6F32	涨
6F35	溆
6F38	渐
6F3F	浆
6F41	颍
6F51	泼
6F54	洁
6F55	𣲘
6F59	沩
6F5B	潜
6F64	润
6F6F	浔
6F70	溃
6F77	滗
6F7F	涠
6F80	涩
6F86	浇
6F87	涝
6F90	沄
6F97	涧
6FA0	渑
6FA4	泽
6FA6	滪
6FA9	泶
6FAB	𬇕
6FAE	浍
6FB1	淀
6FC1	浊
6FC3	浓
6FC6	𣸣
6FD5	湿
6FD8	泞
6FDA	溁
6FDC	浕
6FDF	济
6FE4	涛
6FEB	滥
6FEC	浚
6FF0	潍
6FF1	滨
6FFA	溅
6FFC	泺
6FFE	滤
7002	澛
7005	滢
7006	渎
7007	㲿
7009	泻
700B	沈
700F	浏
7015	濒
7018	泸
701D	沥
701F	潇
7020	潆
7026	潴
7027	泷
7028	濑
7030	弥
7032	潋
703E	澜
7043	沣
7044	滠
7051	洒
7055	漓
7058	滩
705D	灏
7060	漤
7063	湾
7064	滦
7067	滟
707D	灾
70BA	为
70CF	乌
70F4	烃
7121	无
7149	炼
7152	炜
7159	烟
7162	茕
7165	焕
7169	烦
716C	炀
7171	㶽
7185	煴
7192	荧
7197	炝
71B0	𬉼
71B1	热
71B2	颎
71BE	炽
71C0	𬊤
71C1	烨
71C4	焰
71C8	灯
71C9	炖
71D0	磷
71D2	烧
71D6	𬊈
71D9	烫
71DC	焖
71DF	营
71E6	灿
71EC	毁
71ED	烛
71F4	烩
71F6	㶶
71FB	熏
71FC	烬
71FE	焘
71FF	耀
720D	烁
7210	炉
721B	烂
722D	争
7232	为
723A	爷
723E	尔
7240	床
7246	墙
724B	笺
7258	牍
727D	牵
7296	荦
72A2	犊
72A7	牺
72C0	状
72F9	狭
72FD	狈
7319	狰
7336	犹
733B	狲
7341	犸
7343	呆
7344	狱
7345	狮
734E	奖
7368	独
736A	狯
736B	猃
736E	狝
7370	狞
7371	㺍
7372	获
7375	猎
7377	犷
7378	兽
737A	獭
737B	献
737C	猕
7380	猡
73FE	现
743A	珐
743F	珲
744B	玮
7452	玚
7463	琐
7464	瑶
7469	莹
746A	玛
746F	琅
7472	玱
7489	琏
748A	𫞩
7495	𬍤
7497	𬍡
74A1	琎
74A3	玑
74A6	瑷
74AB	珰
74B0	环
74B5	玙
74BD	玺
74C5	𬍛
74CA	琼
74CF	珑
74D4	璎
74DA	瓒
74DB	𤩽
750C	瓯
7515	瓮
7522	产
7523	产
755D	亩
7562	毕
756B	画
7570	异
7576	当
7587	畴
758A	叠
75C0	佝
75D9	痉
75E0	酸
75FE	疴
7602	痖
760B	疯
760D	疡
7613	痪
761E	瘗
7621	疮
7627	疟
762E	瘆
7632	疭
763A	瘘
763B	瘘
7642	疗
7646	痨
7647	痫
7649	瘅
7652	愈
7658	疠
765F	瘪
7661	痴
7662	痒
7664	疖
7665	症
7667	疬
7669	癞
766C	癣
766D	瘿
766E	瘾
7670	痈
7671	瘫
7672	癫
767C	发
7681	皂
769A	皑
76B0	疱
76B8	皲
76BA	皱
76C3	杯
76DC	盗
76DE	盏
76E1	尽
76E3	监
76E4	盘
76E7	卢
76EA	荡
771E	真
7725	眦
773E	众
774D	𪾢
774F	困
775C	睁
775E	睐
776A	睾
7787	眯
7798	眍
779C	䁖
779E	瞒
77AD	了
77B6	瞆
77BC	睑
77D3	眬
77DA	瞩
77EF	矫
7832	炮
784F	研
785C	硁
7864	硖
7868	砗
786F	砚
78A9	硕
78AD	砀
78B8	砜
78BA	确
78BC	码
78D1	硙
78DA	砖
78E3	碜
78E7	碛
78EF	矶
78FD	硗
78FE	䃅
7904	硚
7906	硷
790E	础
7910	𬒈
7919	碍
7921	礴
7926	矿
792A	砺
792B	砾
792C	矾
792E	炮
7931	砻
7955	秘
797F	禄
798D	祸
798E	祯
7995	祎
79A1	祃
79A6	御
79AA	禅
79AE	礼
79B0	祢
79B1	祷
79BF	秃
79C8	籼
7A05	税
7A08	秆
7A0F	䅉
7A1C	棱
7A1F	禀
7A2E	种
7A31	称
7A40	谷
7A47	䅟
7A4C	稣
7A4D	积
7A4E	颖
7A60	秾
7A61	穑
7A62	秽
7A69	稳
7A6B	获
7A6D	稆
7AA9	窝
7AAA	洼
7AAE	穷
7AAF	窑
7AB5	窎
7AB6	窭
7ABA	窥
7AC4	窜
7AC5	窍
7AC7	窦
7AC8	灶
7ACA	窃
7AEA	竖
7AF6	竞
7B46	笔
7B4D	笋
7B67	笕
7B74	䇲
7B87	个
7B8B	笺
7B8E	篪
7B8F	筝
7B9D	钳
7BC0	节
7BC4	范
7BC9	筑
7BCB	箧
7BD4	筼
7BE2	𬕂
7BE4	笃
7BE9	筛
7BF3	筚
7C00	箦
7C06	筘
7C0D	篓
7C1E	箪
7C21	简
7C23	篑
7C2B	箫
7C37	檐
7C39	筜
7C3D	签
7C3E	帘
7C43	篮
7C4C	筹
7C50	藤
7C59	箓
7C5B	篯
7C5C	箨
7C5F	籁
7C60	笼
7C64	签
7C69	笾
7C6A	簖
7C6C	篱
7C6E	箩
7C72	吁
7CA7	妆
7CB5	粤
7CDD	糁
7CDE	粪
7CE7	粮
7CF0	团
7CF2	粝
7CF4	籴
7CF6	粜
7CF9	纟
7CFE	纠
7D00	纪
7D02	纣
7D03	𬘓
7D04	约
7D05	红
7D06	纡
7D07	纥
7D08	纨
7D09	纫
7D0B	纹
7D0D	纳
7D10	纽
7D13	纾
7D14	纯
7D15	纰
7D16	纼
7D17	纱
7D18	纮
7D19	纸
7D1A	级
7D1B	纷
7D1C	纭
7D1D	纴
7D1E	𬘘
7D21	纺
7D2C	䌷
7D2E	扎
7D30	细
7D31	绂
7D32	绁
7D33	绅
7D35	纻
7D39	绍
7D3A	绀
7D3C	绋
7D3F	绐
7D40	绌
7D42	终
7D43	弦
7D44	组
7D45	䌹
7D46	绊
7D4E	绗
7D50	结
7D55	绝
7D5B	绦
7D5D	绔
7D5E	绞
7D61	络
7D62	绚
7D66	给
7D68	绒
7D6A	𬘡
7D70	绖
7D71	统
7D72	丝
7D73	绛
7D76	绝
7D79	绢
7D7A	𫄨
7D81	绑
7D83	绡
7D84	𬘫
7D86	绠
7D88	绨
7D89	绣
7D8C	绤
7D8E	𬘩
7D8F	绥
7D90	䌼
7D91	捆
7D93	经
7D96	𫄧
7D9C	综
7D9D	𬘭
7D9E	缍
7DA0	绿
7DA1	𫟅
7DA2	绸
7DA3	绻
7DA7	𬘯
7DAA	𬘬
7DAB	线
7DAC	绶
7DAD	维
7DAF	绹
7DB0	绾
7DB1	纲
7DB2	网
7DB3	绷
7DB4	缀
7DB5	彩
7DB8	纶
7DB9	绺
7DBA	绮
7DBB	绽
7DBD	绰
7DBE	绫
7DBF	绵
7DC4	绲
7DC7	缁
7DCA	紧
7DCB	绯
7DD1	绿
7DD2	绪
7DD3	绬
7DD4	绱
7DD7	缃
7DD8	缄
7DD9	缂
7DDA	线
7DDD	缉
7DDE	缎
7DE0	缔
7DE1	缗
7DE3	缘
7DE6	缌
7DE8	编
7DE9	缓
7DEC	缅
7DEF	纬
7DF1	缑
7DF2	缈
7DF4	练
7DF6	缏
7DF9	缇
7DFB	致
7E08	萦
7E09	缙
7E0A	缢
7E0B	缒
7E10	绉
7E11	缣
7E15	缊
7E17	缞
7E1B	缚
7E1D	缜
7E1E	缟
7E1F	缛
7E23	县
7E27	绦
7E2B	缝
7E2D	缡
7E2E	缩
7E2F	𬙂
7E31	纵
7E32	缧
7E33	䌸
7E34	纤
7E35	缦
7E36	絷
7E37	缕
7E39	缥
7E3D	总
7E3E	绩
7E43	绷
7E45	缫
7E46	缪
7E52	缯
7E54	织
7E55	缮
7E5A	缭
7E5E	绕
7E61	绣
7E62	缋
7E69	绳
7E6A	绘
7E6B	系
7E6D	茧
7E6E	缰
7E6F	缳
7E70	缲
7E73	缴
7E76	𫄷
7E78	䍁
7E79	绎
7E7B	𦈡
7E7C	继
7E7D	缤
7E7E	缱
7E7F	䍀
7E81	𫄸
7E86	𬙊
7E88	缬
7E8A	纩
7E8C	续
7E8D	累
7E8F	缠
7E93	缨
7E94	才
7E95	𬙋
7E96	纤
7E98	缵
7E9C	缆
7F3D	钵
7F43	䓨
7F48	坛
7F4C	罂
7F4E	坛
7F63	挂
7F70	罚
7F75	骂
7F77	罢
7F85	罗
7F86	罴
7F88	羁
7F8B	芈
7FA3	群
7FA5	羟
7FA8	羡
7FA9	义
7FB6	膻
7FD2	习
7FEB	玩
7FEC	翚
7FF9	翘
7FFA	翱
7FFD	翙
802C	耧
802E	耢
8056	圣
805E	闻
806F	联
8070	聪
8072	声
8073	耸
8075	聩
8076	聂
8077	职
8079	聍
807D	听
807E	聋
8085	肃
8105	胁
8108	脉
811B	胫
8123	唇
812B	脱
8139	胀
814E	肾
8156	胨
8161	脶
8166	脑
816B	肿
8173	脚
8178	肠
8183	腽
8195	腘
819A	肤
819E	䏝
81A0	胶
81A2	𦝼
81A9	腻
81BD	胆
81BE	脍
81BF	脓
81C9	脸
81CD	脐
81CF	膑
81D8	腊
81DA	胪
81DF	脏
81E0	脔
81E2	臜
81E5	卧
81E8	临
81FA	台
8207	与
8208	兴
8209	举
820A	旧
8216	铺
8259	舱
8264	舣
8266	舰
826B	舻
8271	艰
8277	艳
82BB	刍
82CE	苧
82E7	苎
8332	兹
834A	荆
8373	豆
838A	庄
8396	茎
83A2	荚
83A7	苋
83D3	果
83EF	华
83F8	烟
8407	苌
840A	莱
842C	万
8435	莴
8449	叶
8452	荭
8457	着
8464	荮
8466	苇
846F	药
8477	荤
848D	𫇭
8490	搜
8493	莼
8494	莳
849E	莅
84BC	苍
84C0	荪
84C6	席
84CB	盖
84EE	莲
84EF	苁
84FD	荜
8504	𬜬
8514	卜
851E	蒌
8523	蒋
8525	葱
8526	茑
852D	荫
8534	麻
853F	𫇭
8541	荨
8546	蒇
854E	荞
8552	荬
8553	芸
8555	莸
8558	荛
8562	蒉
8569	荡
856A	芜
856D	萧
8577	蓣
8580	蕰
8588	荟
858A	蓟
858C	芗
8591	姜
8594	蔷
8598	荙
859F	莶
85A6	荐
85A9	萨
85B3	䓕
85B4	苧
85BA	荠
85C9	借
85CD	蓝
85CE	荩
85DD	艺
85E5	药
85EA	薮
85ED	䓖
85F4	蕴
85F6	苈
85F7	薯
85F9	蔼
85FA	蔺
8600	萚
8604	蕲
8606	芦
8607	苏
860A	蕴
860B	苹
861A	藓
861E	蔹
8622	茏
862D	兰
863A	蓠
863F	萝
8646	蔂
8649	𬟁
8655	处
865B	虚
865C	虏
865F	号
8667	亏
866F	虬
86FA	蛱
86FB	蜕
8706	蚬
8740	𬟽
8755	蚀
875F	猬
8766	虾
8768	虱
8778	蜗
8784	蛳
879E	蚂
87A2	萤
87AE	䗖
87BB	蝼
87BF	螀
87C4	蛰
87C8	蝈
87CE	螨
87E3	虮
87EC	蝉
87EF	蛲
87F2	虫
87F6	蛏
87FB	蚁
8805	蝇
8806	虿
880D	蝎
8810	蛴
8811	蝾
8814	蚝
881F	蜡
8823	蛎
8827	蠹
8828	蟏
8831	蛊
8836	蚕
883B	蛮
8846	众
884A	蔑
8853	术
885A	胡
885B	卫
885D	冲
889E	衮
88B4	绔
88CA	袅
88CF	里
88DC	补
88DD	装
88E1	里
88FD	制
8907	复
890C	裈
8918	袆
8932	裤
8933	裢
8938	褛
893B	亵
8940	𫌀
8947	裥
894F	袯
8956	袄
895D	裣
8960	裆
8964	褴
896A	袜
896C	䙓
896F	衬
8972	袭
8974	襕
8988	核
898B	见
898E	觃
898F	规
8993	觅
8996	视
8998	觇
89A1	觋
89A5	觍
89A6	觎
89AA	亲
89AC	觊
89AF	觏
89B2	觐
89B7	觑
89BA	觉
89BD	览
89BF	觌
89C0	观
89F4	觞
89F6	觯
89F8	触
8A01	讠
8A02	订
8A03	讣
8A08	计
8A0A	讯
8A0C	讧
8A0E	讨
8A0F	𬣙
8A10	讦
8A12	讱
8A13	训
8A15	讪
8A16	讫
8A17	托
8A18	记
8A1B	讹
8A1D	讶
8A1F	讼
8A22	䜣
8A23	诀
8A25	讷
8A29	讻
8A2A	访
8A2D	设
8A31	许
8A34	诉
8A36	诃
8A3A	诊
8A3B	注
8A3C	证
8A41	诂
8A46	诋
8A4E	讵
8A50	诈
8A52	诒
8A54	诏
8A55	评
8A56	诐
8A57	诇
8A58	诎
8A5B	诅
8A5D	𬣞
8A5E	词
8A60	咏
8A61	诩
8A62	询
8A63	诣
8A66	试
8A69	诗
8A6A	𬣳
8A6B	诧
8A6C	诟
8A6D	诡
8A6E	诠
8A70	诘
8A71	话
8A72	该
8A73	详
8A75	诜
8A77	𫍣
8A7C	诙
8A7F	诖
8A84	诔
8A85	诛
8A86	诓
8A87	夸
8A8C	志
8A8D	认
8A91	诳
8A92	诶
8A95	诞
8A98	诱
8A9A	诮
8A9E	语
8AA0	诚
8AA1	诫
8AA3	诬
8AA4	误
8AA5	诰
8AA6	诵
8AA8	诲
8AAA	说
8AAC	说
8AB0	谁
8AB2	课
8AB6	谇
8AB9	诽
8ABC	谊
8ABE	訚
8ABF	调
8AC2	谄
8AC4	谆
8AC7	谈
8AC9	诿
8ACB	请
8ACD	诤
8ACF	诹
8AD1	诼
8AD2	谅
8AD3	𬣡
8AD6	论
8AD7	谂
8ADB	谀
8ADC	谍
8ADD	谞
8ADE	谝
8ADF	𬤊
8AE1	谥
8AE2	诨
8AE4	谔
8AE6	谛
8AE7	谐
8AEB	谏
8AED	谕
8AEE	谘
8AF1	讳
8AF2	𬤇
8AF3	谙
8AF4	𫍯
8AF6	谌
8AF7	讽
8AF8	诸
8AFA	谚
8AFC	谖
8AFE	诺
8B00	谋
8B01	谒
8B02	谓
8B04	誊
8B05	诌
8B0A	谎
8B0E	谜
8B0F	𫍲
8B10	谧
8B14	谑
8B16	谡
8B17	谤
8B19	谦
8B1A	谥
8B1B	讲
8B1D	谢
8B20	谣
8B21	谣
8B28	谟
8B2B	谪
8B2C	谬
8B2D	谫
8B33	讴
8B39	谨
8B3E	谩
8B41	哗
8B45	䜧
8B49	证
8B4E	谲
8B4F	讥
8B53	𬤝
8B56	谮
8B58	识
8B59	谯
8B5A	谭
8B5C	谱
8B5E	𫍽
8B5F	噪
8B6B	谵
8B6F	译
8B70	议
8B74	谴
8B77	护
8B78	诪
8B7D	誉
8B7E	谫
8B80	读
8B8A	变
8B8B	詟
8B8C	䜩
8B8E	雠
8B92	谗
8B93	让
8B95	谰
8B96	谶
8B9A	赞
8B9C	谠
8B9E	谳
8C48	岂
8C4E	竖
8C50	丰
8C54	艳
8C6C	猪
8C76	豮
8C8D	狸
8C93	猫
8C99	䝙
8C9D	贝
8C9E	贞
8C9F	贠
8CA0	负
8CA1	财
8CA2	贡
8CA7	贫
8CA8	货
8CA9	贩
8CAA	贪
8CAB	贯
8CAC	责
8CAF	贮
8CB0	贳
8CB2	赀
8CB3	贰
8CB4	贵
8CB6	贬
8CB7	买
8CB8	贷
8CBA	贶
8CBB	费
8CBC	贴
8CBD	贻
8CBF	贸
8CC0	贺
8CC1	贲
8CC2	赂
8CC3	赁
8CC4	贿
8CC5	赅
8CC7	资
8CC8	贾
8CCA	贼
8CD1	赈
8CD2	赊
8CD3	宾
8CD5	赇
8CD9	赒
8CDA	赉
8CDC	赐
8CDE	赏
8CE0	赔
8CE1	赓
8CE2	贤
8CE3	卖
8CE4	贱
8CE6	赋
8CE7	赕
8CEA	质
8CEB	赍
8CEC	账
8CED	赌
8CF0	䞐
8CF4	赖
8CF5	赗
8CF8	剩
8CFA	赚
8CFB	赙
8CFC	购
8CFD	赛
8CFE	赜
8D04	贽
8D05	赘
8D07	赟
8D08	赠
8D0A	赞
8D0B	赝
8D0D	赡
8D0F	赢
8D10	赆
8D13	赃
8D14	赑
8D16	赎
8D17	赝
8D1B	赣
8D1C	赃
8D6C	赪
8D95	赶
8D99	赵
8DA8	趋
8DB2	趱
8DE1	迹
8DE4	交
8DFC	局
8E10	践
8E21	蜷
8E30	逾
8E34	踊
8E4C	跄
8E55	跸
8E5F	迹
8E63	蹒
8E64	踪
8E67	糟
8E7A	跷
8E82	跶
8E89	趸
8E8A	踌
8E8B	跻
8E8D	跃
8E91	踯
8E92	跞
8E93	踬
8E95	蹰
8E9A	跹
8EA1	蹑
8EA5	蹿
8EA6	躜
8EAA	躏
8EC0	躯
8ECA	车
8ECB	轧
8ECC	轨
8ECD	军
8ECF	𫐄
8ED1	轪
8ED2	轩
8ED4	轫
8EDB	轭
8EDD	𬨂
8EDF	软
8EE4	轷
8EEB	轸
8EF2	轱
8EF8	轴
8EF9	轵
8EFA	轺
8EFB	轲
8EFC	轶
8EFE	轼
8F03	较
8F04	𨐈
8F05	辂
8F07	辁
8F08	辀
8F09	载
8F0A	轾
8F0B	𪨶
8F12	辄
8F13	挽
8F14	辅
8F15	轻
8F17	𫐐
8F1B	辆
8F1C	辎
8F1D	辉
8F1E	辋
8F1F	辍
8F25	辊
8F26	辇
8F29	辈
8F2A	轮
8F2C	辌
8F2E	𫐓
8F2F	辑
8F33	辏
8F36	𬨎
8F38	输
8F3B	辐
8F3E	辗
8F3F	舆
8F40	辒
8F42	毂
8F44	辖
8F45	辕
8F46	辘
8F49	转
8F4D	辙
8F4E	轿
8F54	辚
8F5D	舆
8F5F	轰
8F61	辔
8F62	轹
8F64	轳
8FA6	办
8FAD	辞
8FAE	辫
8FAF	辩
8FB2	农
8FF4	回
9015	迳
9019	这
9023	连
9031	周
9032	进
904A	游
904B	运
904E	过
9054	达
9055	违
9059	遥
905C	逊
905E	递
9060	远
9069	适
906F	遁
9072	迟
9077	迁
9078	选
907A	遗
907C	辽
9081	迈
9084	还
9087	迩
908A	边
908F	逻
9090	逦
90DF	郏
90F5	邮
9106	郓
9109	乡
9112	邹
9114	邬
9116	郧
9127	邓
9129	𬩽
912D	郑
9130	邻
9132	郸
9133	𫑡
9134	邺
9136	郐
913A	邝
9147	酂
9148	郦
9183	腌
9196	酝
919C	丑
919E	酝
91AB	医
91AC	酱
91B1	酦
91B2	𬪩
91BC	宴
91C0	酿
91C1	衅
91C3	酾
91C5	酽
91CB	释
91D0	厘
91D2	钅
91D3	钆
91D4	钇
91D5	钌
91D7	钊
91D8	钉
91D9	钋
91DD	针
91E3	钓
91E4	钐
91E6	扣
91E7	钏
91E9	钒
91F4	𬬩
91F5	钗
91F7	钍
91F9	钕
91FA	钎
91FF	𬬱
9200	钯
9201	钫
9203	钘
9204	钭
9207	𫓧
9208	钚
9209	钠
920D	钝
920E	钩
9210	钤
9211	钣
9212	钑
9214	钞
9215	钮
921E	钧
9223	钙
9225	钬
9226	钛
9227	钪
922E	铌
9230	铈
9233	钶
9234	铃
9237	钴
9238	钹
9239	铍
923A	钰
923D	钸
923E	铀
923F	钿
9240	钾
9245	钜
9248	铊
9249	铉
924A	𬬿
924B	铇
924D	铋
9251	铂
9255	钷
9257	钳
925A	铆
925B	铅
925D	𫟷
925E	钺
9262	钵
9264	钩
9265	𬬸
9266	钲
9267	𬭁
9268	鿭
926C	钼
926D	钽
926E	𬬹
9276	铏
9277	𫟹
9278	铰
927A	铒
927B	铬
927F	铪
9280	银
9283	铳
9285	铜
9288	𫓯
928D	铚
9291	铣
9293	铨
9296	铢
9298	铭
929A	铫
929B	铦
929C	衔
92A0	铑
92A3	铷
92A5	铱
92A6	铟
92A8	铵
92A9	铥
92AA	铕
92AB	铯
92AC	铐
92B1	铞
92B2	焊
92B3	锐
92B6	𨱇
92B7	销
92B9	锈
92BB	锑
92BC	锉
92C1	铝
92C3	锒
92C5	锌
92C7	钡
92CC	铤
92CF	铗
92D0	𬭎
92D2	锋
92D7	𫓶
92D9	铻
92DD	锊
92DF	锓
92E3	铘
92E4	锄
92E5	锃
92E6	锔
92E8	锇
92E9	铓
92EA	铺
92ED	锐
92EE	铖
92EF	锆
92F0	锂
92F1	铽
92F6	锍
92F8	锯
92F9	𬬮
92FC	钢
9300	𬬭
9301	锞
9304	录
9306	锖
9307	锫
9308	锩
930F	铔
9310	锥
9312	锕
9315	锟
9318	锤
9319	锱
931A	铮
931B	锛
931E	𬭚
931F	锬
9320	锭
9321	锜
9322	钱
9324	𫓹
9326	锦
9328	锚
9329	锠
932B	锡
932E	锢
932F	错
9332	录
9333	锰
9336	表
9338	铼
9340	锝
9341	锨
9343	锪
9346	钔
9347	锴
9348	锳
934A	炼
934B	锅
934D	镀
9354	锷
9358	铡
935A	钖
935B	锻
9360	锽
9364	锸
9365	锲
9369	锘
936C	锹
936D	𬭤
9370	锾
9375	键
9376	锶
937A	锗
937E	钟
9382	镁
9384	锿
9387	镅
938A	镑
9393	𬭩
9394	镕
9396	锁
9397	枪
9398	镉
939A	锤
939B	镈
939D	𨱏
93A1	镃
93A2	钨
93A3	蓥
93A6	镏
93A7	铠
93A9	铩
93AA	锼
93AC	镐
93AE	镇
93B0	镒
93B2	镋
93B3	镍
93B5	镓
93B6	鿔
93B8	镌
93BF	镎
93C3	镞
93C7	镟
93C8	链
93CC	镆
93CD	镙
93CF	𬭬
93D0	镠
93D1	镝
93D7	铿
93D8	锵
93DC	镗
93DD	镘
93DE	镛
93DF	铲
93E1	镜
93E2	镖
93E4	镂
93E8	錾
93F0	镚
93F5	铧
93F7	镤
93F9	镪
93FA	䥽
93FB	𬭸
93FD	锈
9403	铙
9404	𨱑
9407	𫔍
940B	铴
940D	𫔎
940F	𨱔
9410	镣
9412	铹
9413	镦
9414	镡
9418	钟
9419	镫
941D	镢
9420	镨
9426	锎
9427	锏
9428	镄
9429	𬭼
942B	镌
942E	镰
942F	䦃
9432	镯
9433	镭
9435	铁
9436	镮
9438	铎
943A	铛
943D	𫟼
943F	镱
9444	铸
9448	鿭
944A	镬
944C	镔
9451	鉴
9452	鉴
9454	镲
9455	锧
945E	镴
9460	铄
9463	镳
9465	镥
946A	𬬻
946D	镧
9470	钥
9471	镵
9472	镶
9477	镊
9479	镩
947C	锣
947D	钻
947E	銮
947F	凿
9481	䦆
9577	长
9580	门
9582	闩
9583	闪
9586	闫
9588	闬
9589	闭
958B	开
958C	闶
958E	闳
958F	闰
9591	闲
9592	闲
9593	间
9594	闵
9598	闸
95A1	阂
95A2	关
95A3	阁
95A5	阀
95A7	哄
95A8	闺
95A9	闽
95AB	阃
95AC	阆
95AD	闾
95B1	阅
95B2	阅
95B6	阊
95B9	阉
95BB	阎
95BC	阏
95BD	阍
95BE	阈
95BF	阌
95C3	阒
95C6	板
95C7	暗
95C8	闱
95C9	𬮱
95CA	阔
95CB	阕
95CC	阑
95CD	阇
95D0	阗
95D1	𫔶
95D2	阘
95D3	闿
95D4	阖
95D5	阙
95D6	闯
95D8	斗
95DC	关
95DE	阚
95E0	阓
95E1	阐
95E2	辟
95E4	阛
95E5	闼
9628	厄
962A	坂
9658	陉
965D	陕
965E	升
9663	阵
9670	阴
9673	陈
9678	陆
967D	阳
9684	堤
9689	陧
968A	队
968E	阶
9691	𬮿
9695	陨
969B	际
96A4	𬯎
96A8	随
96AA	险
96AE	𬯀
96B1	隐
96B4	陇
96B8	隶
96BB	只
96CB	隽
96D6	虽
96D9	双
96DB	雏
96DC	杂
96DE	鸡
96E2	离
96E3	难
96F2	云
96FB	电
9711	沾
9722	霡
9727	雾
973D	霁
9742	雳
9744	霭
9746	叇
9748	灵
9749	叆
975A	靓
975C	静
9766	腼
9768	靥
9777	纼
9780	鼗
978F	巩
979D	绱
97BD	鞒
97C1	缰
97C3	鞑
97C9	鞯
97CB	韦
97CC	韧
97CD	韨
97D3	韩
97D9	韪
97DC	韬
97DE	韫
97E1	𮧵
97EE	韭
97FB	韵
97FF	响
9801	页
9802	顶
9803	顷
9805	项
9806	顺
9807	顸
9808	须
980A	顼
980C	颂
980D	𫠆
980E	颀
980F	颃
9810	预
9811	顽
9812	颁
9813	顿
9814	𬱖
9817	颇
9818	领
981C	颌
9820	𬱟
9821	颉
9824	颐
9826	颏
982B	𫖯
982D	头
982E	颒
9830	颊
9832	颋
9834	颕
9835	𫖳
9837	颔
9838	颈
9839	颓
983B	频
983D	颓
9846	颗
984C	题
984D	额
984E	颚
984F	颜
9852	颙
9853	颛
9854	颜
9857	𫖮
9858	愿
9859	颡
985B	颠
985E	类
9862	颟
9865	颢
9867	顾
986B	颤
986C	颥
986F	显
9870	颦
9871	颅
9873	颞
9874	颧
98A8	风
98AD	飐
98AE	飑
98AF	飒
98B1	台
98B3	刮
98B6	飓
98B8	飔
98BA	飏
98BB	飖
98BC	飕
98C0	飗
98C4	飘
98C6	飙
98C8	飚
98DB	飞
98E0	饣
98E2	饥
98E3	饤
98E5	饦
98E9	饨
98EA	饪
98EB	饫
98ED	饬
98EF	饭
98F2	饮
98F4	饴
98FC	饲
98FD	饱
98FE	饰
98FF	饳
9903	饺
9904	饸
9905	饼
9909	饷
990A	养
990C	饵
990E	饹
990F	饻
9911	饽
9912	馁
9913	饿
9915	馂
9916	饾
9917	𫗧
9918	余
991A	肴
991B	馄
991C	馃
991E	饯
9921	馅
9928	馆
992C	糊
9931	糇
9933	饧
9935	喂
9936	馉
9937	馇
993A	馎
993C	饩
993D	馈
993E	馏
993F	馊
9941	馌
9943	馍
9945	馒
9948	馐
9949	馑
994A	馓
994B	馈
994C	馔
9951	饥
9952	饶
9957	飨
9958	𫗴
995C	餍
995E	馋
9962	馕
99AC	马
99AD	驭
99AE	冯
99B1	驮
99B3	驰
99B4	驯
99B9	驲
99BC	𫘜
99C1	驳
99C3	𫘝
99C9	𬳶
99D0	驻
99D1	驽
99D2	驹
99D3	𬳵
99D4	驵
99D5	驾
99D8	骀
99D9	驸
99DB	驶
99DD	驼
99DF	驷
99E1	骂
99E2	骈
99EA	𬳽
99ED	骇
99F0	骃
99F1	骆
99F8	骎
99FC	𬳿
99FF	骏
9A01	骋
9A02	骍
9A04	𫘧
9A05	骓
9A0A	𫘦
9A0C	骔
9A0D	骒
9A0E	骑
9A0F	骐
9A11	𬴂
9A16	骛
9A19	骗
9A1E	𬴃
9A20	𫘨
9A24	骙
9A27	䯄
9A2B	骞
9A2D	骘
9A2E	骝
9A30	腾
9A31	𫘬
9A35	𫘪
9A36	驺
9A37	骚
9A38	骟
9A3E	骡
9A40	蓦
9A41	骜
9A42	骖
9A43	骠
9A44	骢
9A45	驱
9A4A	骅
9A4C	骕
9A4D	骁
9A4E	𬴊
9A4F	骣
9A55	骄
9A57	验
9A5A	惊
9A5B	驿
9A5F	骤
9A62	驴
9A64	骧
9A65	骥
9A66	骦
9A6A	骊
9A6B	骉
9AAF	肮
9ACF	髅
9AD2	脏
9AD4	体
9AD5	髌
9AD6	髋
9AEE	发
9B00	剃
9B06	松
9B0D	胡
9B1A	须
9B22	鬓
9B25	斗
9B27	闹
9B28	哄
9B29	阋
9B2D	斗
9B2E	阄
9B31	郁
9B39	鬶
9B4E	魉
9B58	魇
9B5A	鱼
9B5B	鱽
9B62	鱾
9B68	鲀
9B6F	鲁
9B74	鲂
9B77	鱿
9B7A	鲄
9B80	𬶍
9B81	鲅
9B83	鲆
9B86	𫚖
9B88	𬶋
9B8A	鲌
9B8B	鲉
9B8D	鲏
9B8E	鲇
9B90	鲐
9B91	鲍
9B92	鲋
9B93	鲊
9B9A	鲒
9B9C	鲘
9B9D	鲞
9B9E	鲕
9B9F	𩽾
9BA0	𬶏
9BA1	𬶐
9BA3	䲟
9BA6	鲖
9BAA	鲔
9BAB	鲛
9BAD	鲑
9BAE	鲜
9BB3	鲓
9BB6	鲪
9BB8	𩾃
9BBA	鲝
9BC0	鲧
9BC1	鲠
9BC7	鲩
9BC9	鲤
9BCA	鲨
9BD2	鲬
9BD4	鲻
9BD5	鲯
9BD6	鲭
9BDB	鲷
9BDD	鲴
9BE1	鲱
9BE2	鲵
9BE4	鲲
9BE7	鲳
9BE8	鲸
9BEA	鲮
9BEB	鲰
9BF0	鲶
9BF4	鲺
9BF7	鳀
9BFB	𬶟
9BFD	鲫
9BFF	鳊
9C01	鳈
9C02	鲗
9C03	鳂
9C06	䲠
9C08	鲽
9C09	鳇
9C0A	𬶠
9C0D	鳅
9C0F	鲾
9C10	鳄
9C12	鳆
9C13	鳃
9C1C	鳒
9C1F	鳑
9C20	鳋
9C23	鲥
9C24	𫚕
9C25	鳏
9C27	䲢
9C28	鳎
9C29	鳐
9C2D	鳍
9C2E	鳁
9C31	鲢
9C32	鳌
9C33	鳓
9C35	鳘
9C36	𬶭
9C37	鲦
9C39	鲣
9C3A	鲹
9C3B	鳗
9C3C	鳛
9C3E	鳔
9C40	𬶨
9C42	鳉
9C45	鳙
9C47	𩾌
9C48	鳕
9C49	鳖
9C52	鳟
9C54	鳝
9C56	鳜
9C57	鳞
9C58	鲟
9C5A	𬶮
9C5D	鲼
9C5F	鲎
9C60	鲙
9C63	鳣
9C64	鳡
9C67	鳢
9C68	鲿
9C6D	鲚
9C6F	鳠
9C72	𫚭
9C77	鳄
9C78	鲈
9C7A	鲡
9CE5	鸟
9CE7	凫
9CE9	鸠
9CEC	凫
9CF2	鸤
9CF3	凤
9CF4	鸣
9CF6	鸢
9CFE	䴓
9D06	鸩
9D07	鸨
9D09	鸦
9D12	鸰
9D15	鸵
9D1B	鸳
9D1D	鸲
9D1E	鸮
9D1F	鸱
9D23	鸪
9D26	鸯
9D28	鸭
9D2F	鸸
9D30	鸹
9D34	鸻
9D37	䴕
9D3B	鸿
9D3F	鸽
9D41	䴔
9D42	鸺
9D43	鸼
9D4F	𬷕
9D50	鹀
9D51	鹃
9D52	鹆
9D53	鹁
9D5C	鹈
9D5D	鹅
9D5F	𫛭
9D60	鹄
9D61	鹉
9D6A	鹌
9D6C	鹏
9D6E	鹐
9D6F	鹎
9D72	鹊
9D77	鹓
9D7E	鹍
9D84	䴖
9D87	鸫
9D89	鹑
9D8A	鹒
9D93	鹋
9D96	鹙
9D98	鹕
9D9A	鹗
9DA0	𬸘
9DA1	鹖
9DA5	鹛
9DA9	鹜
9DAA	䴗
9DAC	鸧
9DAF	莺
9DB1	𬸣
9DB2	鹟
9DB4	鹤
9DB9	鹠
9DBA	鹡
9DBB	鹘
9DBC	鹣
9DC0	鹚
9DC1	鹢
9DC2	鹞
9DC4	鸡
9DC8	䴘
9DCA	鹝
9DD3	鹧
9DD6	鹥
9DD7	鸥
9DD9	鸷
9DDA	鹨
9DDF	𬸦
9DE5	鸶
9DE6	鹪
9DEB	鹔
9DED	𬸪
9DEF	鹩
9DF2	鹫
9DF3	鹇
9DF8	鹬
9DF9	鹰
9DFA	鹭
9DFD	鸴
9DFF	䴙
9E02	㶉
9E07	鹯
9E0C	鹱
9E0F	鹲
9E11	𬸚
9E15	鸬
9E18	鹴
9E1A	鹦
9E1B	鹳
9E1D	鹂
9E1E	鸾
9E75	卤
9E79	咸
9E7A	鹾
9E7C	碱
9E7D	盐
9E97	丽
9EA4	粗
9EA5	麦
9EA9	麸
9EAF	曲
9EB4	麹
9EB5	面
9EBC	么
9EBD	么
9EC3	黄
9ECC	黉
9EDE	点
9EE8	党
9EF2	黪
9EF4	霉
9EF6	黡
9EF7	黩
9EFD	黾
9EFF	鼋
9F07	鳌
9F08	鳖
9F09	鼍
9F15	冬
9F34	鼹
9F4A	齐
9F4B	斋
9F4E	赍
9F4F	齑
9F52	齿
9F54	龀
9F55	龁
9F57	龂
9F58	𬹼
9F59	龅
9F5C	龇
9F5F	龃
9F60	龆
9F61	龄
9F63	出
9F66	龈
9F67	啮
9F69	咬
9F6A	龊
9F6C	龉
9F6E	𬺈
9F6F	𫠜
9F72	龋
9F76	腭
9F77	龌
9F7C	𬺓
9F8D	龙
9F8E	厐
9F90	庞
9F91	䶮
9F94	龚
9F95	龛
9F9C	龟
